case_id,p0,p1,Y,Y_hat
C3L-00017,0.75906014,0.24093987,0,0.0
C3L-00102,0.74378705,0.25621298,1,0.0
C3L-00189,0.9282141,0.07178595,0,0.0
C3L-00277,0.54630125,0.45369872,0,0.0
C3L-00401,0.93801296,0.061987102,0,0.0
C3L-00589,0.668699,0.331301,0,0.5
C3L-00598,0.33667123,0.66332877,0,1.0
C3L-00599,0.95875645,0.041243605,0,0.0
C3L-00622,0.73112,0.26887998,0,0.5
C3L-00625,0.8486953,0.15130468,0,0.0
C3L-00640,0.86294717,0.13705291,0,0.0
C3L-00819,0.77115875,0.22884126,0,0.0
C3L-00928,0.8598242,0.14017583,0,0.0
C3L-01031,0.5028652,0.49713477,0,0.0
C3L-01036,0.7248065,0.27519345,0,0.0
C3L-01051,0.9648579,0.035142105,1,0.0
C3L-01052,0.9846867,0.015313287,0,0.0
C3L-01053,0.9783152,0.021684848,0,0.0
C3L-01054,0.96080095,0.03919909,0,0.0
C3L-01124,0.95706475,0.04293527,0,0.0
C3L-01598,0.5326039,0.46739617,1,0.0
C3L-01637,0.76767874,0.23232125,0,0.0
C3L-01662,0.8609244,0.13907556,0,0.0
C3L-01687,0.9360474,0.06395258,1,0.0
C3L-01689,0.7537713,0.2462287,0,0.0
C3L-01703,0.9748513,0.025148636,0,0.0
C3L-02109,0.47166243,0.5283376,0,1.0
C3L-02112,0.98296934,0.017030645,1,0.0
C3L-02115,0.9867886,0.013211438,0,0.0
C3L-02116,0.90242136,0.09757866,0,0.0
C3L-02118,0.36095268,0.63904727,0,1.0
C3L-02604,0.34748247,0.6525175,0,1.0
C3L-02606,0.9442308,0.05576918,1,0.0
C3L-02610,0.9560226,0.043977402,1,0.0
C3L-02613,0.8623371,0.13766289,0,0.0
C3L-02701,0.51926583,0.48073417,0,0.0
C3L-02809,0.83982277,0.16017711,0,0.0
C3L-02890,0.9245847,0.07541532,1,0.0
C3L-02899,0.70810616,0.29189378,0,0.5
C3L-03123,0.9720191,0.027980907,1,0.0
C3L-03356,0.7308584,0.2691416,0,0.0
C3L-03388,0.83176005,0.16823998,0,0.0
C3L-03394,0.9810645,0.018935475,0,0.0
C3L-03628,0.90071887,0.09928107,0,0.0
C3L-03630,0.49393263,0.50606734,1,1.0
C3L-03632,0.97311574,0.026884258,0,0.0
C3L-03635,0.6610262,0.33897382,0,0.0
C3L-03639,0.6413423,0.35865775,0,0.0
C3L-03743,0.8033786,0.19662136,0,0.0
C3L-04027,0.8871038,0.112896174,0,0.0
C3L-04473,0.96903884,0.0309612,0,0.0
C3L-04475,0.9623629,0.037637055,0,0.0
C3L-04479,0.9459225,0.054077633,0,0.0
C3L-04495,0.98521674,0.01478329,0,0.0
C3L-04848,0.9864791,0.013520852,1,0.0
C3L-04853,0.3153005,0.6846994,0,1.0
C3N-00198,0.9767996,0.023200367,1,0.0
C3N-00249,0.4525734,0.54742664,0,1.0
C3N-00302,0.8986864,0.10131359,0,0.0
C3N-00303,0.9911152,0.00888483,0,0.0
C3N-00436,0.8469319,0.15306816,0,0.0
C3N-00511,0.4281319,0.57186806,0,1.0
C3N-00512,0.98403186,0.015968055,1,0.0
C3N-00513,0.9577093,0.042290665,0,0.0
C3N-00514,0.8583511,0.14164883,0,0.0
C3N-00516,0.44994456,0.55005544,0,1.0
C3N-00517,0.97098315,0.029016804,0,0.0
C3N-00518,0.81867224,0.18132773,0,0.0
C3N-00957,0.9803165,0.019683521,0,0.0
C3N-01011,0.9827162,0.017283846,0,0.0
C3N-01012,0.6228434,0.37715665,1,0.0
C3N-01165,0.560185,0.43981498,0,0.0
C3N-01166,0.95372546,0.046274625,0,0.0
C3N-01167,0.3121743,0.6878257,0,1.0
C3N-01168,0.9019171,0.098082945,1,0.0
C3N-01375,0.7347107,0.26528934,0,0.0
C3N-01380,0.9820593,0.017940726,0,0.0
C3N-01381,0.8096011,0.19039883,1,0.0
C3N-01382,0.9788063,0.021193642,0,0.0
C3N-01383,0.96435606,0.035643913,1,0.0
C3N-01388,0.95850164,0.041498344,0,0.0
C3N-01502,0.9857025,0.014297527,0,0.0
C3N-01714,0.40882868,0.5911713,0,1.0
C3N-01715,0.46523038,0.53476965,0,1.0
C3N-01716,0.51925784,0.48074216,0,0.0
C3N-01897,0.72604764,0.27395234,0,0.0
C3N-01997,0.85952723,0.14047277,0,0.0
C3N-01998,0.9770738,0.022926323,1,0.0
C3N-02010,0.8201765,0.17982349,0,0.0
C3N-02295,0.98981124,0.010188837,0,0.0
C3N-02573,0.8051694,0.19483054,0,0.0
C3N-02579,0.35589027,0.6441098,1,1.0
C3N-02585,0.31959498,0.68040496,1,1.0
C3N-02589,0.6323111,0.36768895,0,0.5
C3N-02590,0.94308484,0.056915186,0,0.0
C3N-02592,0.61730254,0.38269746,0,0.0
C3N-02768,0.87955904,0.120440975,0,0.0
C3N-02940,0.47256088,0.5274391,0,1.0
C3N-02944,0.495677,0.504323,0,1.0
C3N-02971,0.9724366,0.027563324,0,0.0
C3N-02997,0.5284184,0.47158155,1,0.0
C3N-02998,0.97721463,0.022785375,0,0.0
C3N-03006,0.60680926,0.3931907,1,0.0
C3N-03007,0.7180928,0.28190723,1,0.0
C3N-03061,0.62411773,0.37588233,0,0.0
C3N-03069,0.9617256,0.038274385,0,0.0
C3N-03086,0.70695055,0.29304942,0,0.0
C3N-03173,0.7811149,0.21888514,0,0.0
C3N-03190,0.6296066,0.37039337,0,0.0
C3N-03211,0.98190725,0.01809269,0,0.0
C3N-03426,0.9408301,0.059169896,0,0.0
C3N-03430,0.9347054,0.06529461,0,0.0
C3N-03439,0.72993594,0.27006406,0,0.0
C3N-03440,0.96462727,0.035372764,0,0.0
C3N-03665,0.9844054,0.015594585,0,0.0
C3N-03666,0.96636057,0.033639427,0,0.0
C3N-03670,0.97932804,0.0206719,0,0.0
C3N-03754,0.72470146,0.27529854,1,0.0
C3N-03780,0.9834987,0.016501337,0,0.0
C3N-03839,0.84555066,0.15444939,0,0.0
C3N-03840,0.94644624,0.05355372,0,0.0
C3N-03853,0.9615923,0.038407657,0,0.0
C3N-03884,0.9439152,0.05608474,0,0.0
C3N-04119,0.80454713,0.19545296,1,0.0
C3N-04126,0.51156694,0.48843306,0,0.0
C3N-04282,0.499899,0.500101,0,1.0
C3N-04283,0.6471698,0.35283014,0,0.5
C3N-04284,0.9870329,0.012967164,0,0.0
